Bairro,Azulejo-Imagem,Azulejo-Código,Procedência,Unnamed: 3,Dimensão-Formato,"Material, Técnica de Fabricação e Decorativa",Endereço,Uso-Aplicação,Altura,Largura,latitude,longitude
Nazaré,,CE 1-1-1,Lisboa,Portugal,"12,3 x 12,3 cm",Cerâmica e vidrado Estampinha,Rua Tomázia Perdigão n° 62,"Revestimento de fachada, assentados por compressão contra argamassa fresca.",12.3,12.3,-1.4570552,-48.5028955
Reduto,,CE 9-1-1,Porto,Portugal,14 x 14 cm,Cerâmica e vidrado Estampinha,Travessa Padre Eutiquio n° 1536,"Revestimento de fachada, assentados por compressão contra argamassa fresca.",14,14,-1.4693734,-48.4791116
BatistaCampos,,CE 12-2-1,Portugal,,"13,2 x 13,2 cm",Cerâmica e vidrado Estampinha,Rua Senador Lemos n° 762; Rua Padre Prudêncio n° 488; Rua Siqueira Mendes n° 144; Rua 15 de Novembro n° 314 e 312,"Revestimento de fachada, assentados por compressão contra argamassa fresca.",13.2,13.2,-1.3101184,-48.3016655
Reduto,,CE 12-2-1,Portugal,,"13,2 x 13,2 cm",Cerâmica e vidrado Estampinha,Rua Senador Lemos n° 762; Rua Padre Prudêncio n° 488; Rua Siqueira Mendes n° 144; Rua 15 de Novembro n° 314 e 312,"Revestimento de fachada, assentados por compressão contra argamassa fresca.",13.2,13.2,-1.3101184,-48.3016655
Reduto,,CE 12-2-1,Portugal,,"13,2 x 13,2 cm",Cerâmica e vidrado Estampinha,Rua Senador Lemos n° 762; Rua Padre Prudêncio n° 488; Rua Siqueira Mendes n° 144; Rua 15 de Novembro n° 314 e 312,"Revestimento de fachada, assentados por compressão contra argamassa fresca.",13.2,13.2,-1.3101184,-48.3016655
Reduto,,CE 13-1-1,Portugal,,,Cerâmica e vidrado Estampinha,Rua 15 de Novembro n° 43/57,"Revestimento de fachada, assentados por compressão contra argamassa fresca.",,,-1.1615771,-48.4688459
Reduto,,CE 15-1-1,Portugal,,,Cerâmica e vidrado Estampinha,Travessa Pedro Albuquerque n° 145,"Revestimento de fachada, assentados por compressão contra argamassa fresca.",,,-1.4590155,-48.5039701
Umarizal,,CE 16-1-1,Portugal,,13 x 13 cm,Cerâmica e vidrado Estampinha,Travessa Rui Barbosa n° 773,"Revestimento de fachada, assentados por compressão contra argamassa fresca.",13,13,-1.4463569861700591,-48.49496514070736
BatistaCampos,,CE 17-1-1,Porto,Portugal,"13,5 x 13,5 cm",Cerâmica e vidrado Estampinha,Rua Senador Manoel Barata n° 136/138; Rua Arcipreste Manoel Teodoro n° 943; Avenida Gentil Bittencourt n° 57,"Revestimento de fachada, assentados por compressão contra argamassa fresca.",13.5,13.5,-1.450417,-48.4971926
BatistaCampos,,CE 17-1-1,Porto,Portugal,"13,5 x 13,5 cm",Cerâmica e vidrado Estampinha,Rua Senador Manoel Barata n° 136/138; Rua Arcipreste Manoel Teodoro n° 943; Avenida Gentil Bittencourt n° 57,"Revestimento de fachada, assentados por compressão contra argamassa fresca.",13.5,13.5,-1.450417,-48.4971926
BatistaCampos,,CE 18-1-1,Lisboa e Porto,Portugal,14 x 14 cm,Cerâmica e vidrado Estampinha,"Rua Magalhães Barata n° 336; Rua 28 de Setembro n° 892; Travessa Rui Barbosa n° 346, 352, 358, 364 e 372","Revestimento de fachada, assentados por compressão contra argamassa fresca.",14,14,-1.2469623,-48.5530625
BatistaCampos,,CE 19-1-2,Porto,Portugal,"14,3 x 14,3 cm",Cerâmica e vidrado Estampinha,"Travessa Frutuoso Guimarães n° 605; Rua Siqueira Mendes n° 139; Rua Senador Manoel Barata n° 147; Avenida Conselheiro Furtado n° 412; Rua Arcipreste Manoel Teodoro n° 462, 470, 476, 478 e 508; Rua Tomázia Perdigão n° 174/178; Travessa Padre Eutiquio n° 1258, 1274, 1282, 1286/1288, 1294 e s/n°; Travessa Dr. Manoel n° 31","Revestimento de fachada, assentados por compressão contra argamassa fresca.",14.3,14.3,-1.4510368,-48.5010789
BatistaCampos,,CE 19-1-2,Porto,Portugal,"14,3 x 14,3 cm",Cerâmica e vidrado Estampinha,"Travessa Frutuoso Guimarães n° 605; Rua Siqueira Mendes n° 139; Rua Senador Manoel Barata n° 147; Avenida Conselheiro Furtado n° 412; Rua Arcipreste Manoel Teodoro n° 462, 470, 476, 478 e 508; Rua Tomázia Perdigão n° 174/178; Travessa Padre Eutiquio n° 1258, 1274, 1282, 1286/1288, 1294 e s/n°; Travessa Dr. Manoel n° 31","Revestimento de fachada, assentados por compressão contra argamassa fresca.",14.3,14.3,-1.4510368,-48.5010789
BatistaCampos,,CE 19-1-2,Porto,Portugal,"14,3 x 14,3 cm",Cerâmica e vidrado Estampinha,"Travessa Frutuoso Guimarães n° 605; Rua Siqueira Mendes n° 139; Rua Senador Manoel Barata n° 147; Avenida Conselheiro Furtado n° 412; Rua Arcipreste Manoel Teodoro n° 462, 470, 476, 478 e 508; Rua Tomázia Perdigão n° 174/178; Travessa Padre Eutiquio n° 1258, 1274, 1282, 1286/1288, 1294 e s/n°; Travessa Dr. Manoel n° 31","Revestimento de fachada, assentados por compressão contra argamassa fresca.",14.3,14.3,-1.4510368,-48.5010789
BatistaCampos,,CE 19-1-2,Porto,Portugal,"14,3 x 14,3 cm",Cerâmica e vidrado Estampinha,"Travessa Frutuoso Guimarães n° 605; Rua Siqueira Mendes n° 139; Rua Senador Manoel Barata n° 147; Avenida Conselheiro Furtado n° 412; Rua Arcipreste Manoel Teodoro n° 462, 470, 476, 478 e 508; Rua Tomázia Perdigão n° 174/178; Travessa Padre Eutiquio n° 1258, 1274, 1282, 1286/1288, 1294 e s/n°; Travessa Dr. Manoel n° 31","Revestimento de fachada, assentados por compressão contra argamassa fresca.",14.3,14.3,-1.4510368,-48.5010789
BatistaCampos,,CE 19-1-2,Porto,Portugal,"14,3 x 14,3 cm",Cerâmica e vidrado Estampinha,"Travessa Frutuoso Guimarães n° 605; Rua Siqueira Mendes n° 139; Rua Senador Manoel Barata n° 147; Avenida Conselheiro Furtado n° 412; Rua Arcipreste Manoel Teodoro n° 462, 470, 476, 478 e 508; Rua Tomázia Perdigão n° 174/178; Travessa Padre Eutiquio n° 1258, 1274, 1282, 1286/1288, 1294 e s/n°; Travessa Dr. Manoel n° 31","Revestimento de fachada, assentados por compressão contra argamassa fresca.",14.3,14.3,-1.4510368,-48.5010789
BatistaCampos,,CE 19-2-2,Porto,Portugal,"13,3 x 13,3 cm",Cerâmica e vidrado Estampinha,Rua Tomázia Perdigão s/n°,"Revestimento de fachada, assentados por compressão contra argamassa fresca.",13.3,13.3,-1.4570552,-48.5028955
BatistaCampos,,CE 20-1-1,Porto,Portugal,"13,5 x 13,5 cm",Cerâmica e vidrado Estampinha,Rua 28 de Setembro n° 1166/1170,"Revestimento de fachada, assentados por compressão contra argamassa fresca.",13.5,13.5,-1.450574,-48.4982834
BatistaCampos,,CE 21-1-1 (a e b),Porto,Portugal,"14,3 x 14,3 cm",Cerâmica e vidrado Estampinha,Rua Cametá n° 125 e 133,"Revestimento de fachada, assentados por compressão contra argamassa fresca.",14.3,14.3,-1.3340798,-48.3899473
BatistaCampos,,CE 21-1-2,Porto,Portugal,14 x 14 cm,Cerâmica e vidrado Estampinha,Travessa São Francisco n° 60; Travessa Benjamin Constant n° 452,"Revestimento de fachada, assentados por compressão contra argamassa fresca.",14,14,-1.4569976,-48.4990726
BatistaCampos,,CE 21-1-2,Porto,Portugal,14 x 14 cm,Cerâmica e vidrado Estampinha,Travessa São Francisco n° 60; Travessa Benjamin Constant n° 452,"Revestimento de fachada, assentados por compressão contra argamassa fresca.",14,14,-1.4569976,-48.4990726
Campina,,CE 22-1-1,Porto,Portugal,14 x 14 cm,Cerâmica e vidrado Estampinha,Rua Senador Manoel barata n° 153 e 161; Travessa Padre Eutiquio n° 987/985; Travessa Campos Sales n° 604,"Revestimento de fachada, assentados por compressão contra argamassa fresca.",14,14,-1.450417,-48.4971926
Campina,,CE 23-1-1,Portugal,,,Cerâmica e vidrado Estampinha,Demolido antes de 1986,"Revestimento de fachada, assentados por compressão contra argamassa fresca.",,,,
Campina,,CE 24-1-1,Porto,Portugal,,Cerâmica e vidrado Estampinha,"Avenida Serzedelo Correa n° 1058, 1052 e 1048","Revestimento de fachada, assentados por compressão contra argamassa fresca.",,,-1.4555337,-48.4918342
Campina,,CE 24-2-2,Porto,Portugal,,Cerâmica e vidrado Estampinha,Rua Senador Manoel Barata n° 270/274,"Revestimento de fachada, assentados por compressão contra argamassa fresca.",,,-1.450417,-48.4971926
Campina,,CE 25-1-1,Provavelmente Porto,Portugal,14 x 14 cm,Cerâmica e vidrado Estampinha,Travessa Dom Romualdo de Seixas n° 613,"Revestimento de fachada, assentados por compressão contra argamassa fresca.",14,14,-1.4448011,-48.4836168
Campina,,CE 26-1-1,Porto,Portugal,14 x 14 cm,Cerâmica e vidrado Estampinha,Travessa Campos Sales n° 375,"Revestimento de fachada, assentados por compressão contra argamassa fresca.",14,14,-1.4543075,-48.4978101
Campina,,CE 27-1-1,Porto,Portugal,,Cerâmica e vidrado Estampinha,Rua 16 de Novembro n° 651,"Revestimento de fachada, assentados por compressão contra argamassa fresca.",,,,
Campina,,CE 28-1-1,Provavelmente Porto,Portugal,,Cerâmica e vidrado Estampinha,Rua 16 de Novembro n° 651,"Revestimento de fachada, assentados por compressão contra argamassa fresca.",,,,
Campina,,CE 29-1-1,Porto,Portugal,"13,5 x 13,5 cm",Cerâmica e vidrado Estampinha,Rua 13 de Maio n° 38/40,"Revestimento de fachada, assentados por compressão contra argamassa fresca.",13.5,13.5,-1.4530688,-48.5007704
Campina,,CE 30-1-1,Porto,Portugal,,Cerâmica e vidrado Estampinha,Travessa São Francisco n° 60,"Revestimento de fachada, assentados por compressão contra argamassa fresca.",,,-1.4569976,-48.4990726
Campina,,CE 31-1-1,Portugal,,,Cerâmica e vidrado Estampinha,Rua dos 48 n° 59 (Demolido antes de 1986),"Revestimento de fachada, assentados por compressão contra argamassa fresca.",,,,
Campina,,CE 32-1-1,Porto,Portugal,10 x 10 cm,Cerâmica e vidrado Estampinha,Travessa São Francisco n° 60,"Revestimento de fachada, assentados por compressão contra argamassa fresca.",10,10,-1.4569976,-48.4990726
Campina,,CE 33-1-1,Porto,Portugal,,Cerâmica e vidrado Estampinha,Demolido antes de 1986,"Revestimento de fachada, assentados por compressão contra argamassa fresca.",,,,
Campina,,CE 34-1-1,Portugal,,14 x 14 cm,Cerâmica e vidrado Estampinha,Demolido antes de 1986,"Revestimento de fachada, assentados por compressão contra argamassa fresca.",14,14,,
Campina,,CE 35-1-1,Provavelmente Portugal,,14 x 14 cm,Cerâmica e vidrado Estampinha,Travessa 7 de Setembro n° 243,"Revestimento de fachada, assentados por compressão contra argamassa fresca.",14,14,-1.5090641,-48.6223582
Campina,,CE 36-1-1,Portugal,,"13,5 x 13,5 cm",Cerâmica e vidrado Estampinha,Demolido antes de 1986,"Revestimento de fachada, assentados por compressão contra argamassa fresca.",13.5,13.5,,
Campina,,CE 37-1-1,Portugal,,"13,5 x 13,5 cm",Cerâmica e vidrado Estampinha,Demolido antes de 1986,"Revestimento de fachada, assentados por compressão contra argamassa fresca.",13.5,13.5,,
Campina,,CE 38-1-1,Provavelmente Portugal,,,Cerâmica e vidrado Estampinha,Demolido antes de 1986,"Revestimento de fachada, assentados por compressão contra argamassa fresca.",,,,
Campina,,CE 39-1-1,Porto,Portugal,,Cerâmica e vidrado Estampinha,Travessa 1° de Março n° 331/335/341 e Rua Ó de Almeida n° 363,"Revestimento de fachada, assentados por compressão contra argamassa fresca.",,,,
Campina,,CE 40-1-1,Portugal,,"13,5 x 13,5 cm",Cerâmica e vidrado Estampinha,Demolido antes de 1986,"Revestimento de fachada, assentados por compressão contra argamassa fresca.",13.5,13.5,,
Campina,,CE 41-1-1,Portugal,,14 x 14 cm,Cerâmica e vidrado Estampinha,Demolido antes de 1986,"Revestimento de fachada, assentados por compressão contra argamassa fresca.",14,14,,
Campina,,FE 1-1-1,Lisboa,Portugal,"13,4 x 6,3 cm",Cerâmica e vidrado Estampinha,"Travessa Frutuoso Guimarães n° 552 e 558; Travessa 7 de Setembro n° 104; Rua Conselheiro João Alfredo n° 284; Travessa Gurupá n° 114; Travessa Quintino Bocaiúva n° 932/946; Travessa Rui Barbosa n° 355 e 845; Rua Veiga Cabral n° 1338; Rua Ó de Almeida n° 43 e 387; Travessa Presidente Pernambuco n° 204; Avenida Gentil Bittencourt n° 231; Avenida 16 de Novembro n° 79 e 107; Rua Rodrigues Santos n° 305; Rua Dr. Assis n° 130; Travessa Campos Sales n° 591, 715 e 300/306/308/312; Rua Gaspar Viana n° 151/153/157 e 165/169; Praça Barão do Guajará n° 53; Rua 13 de Maio n° 194, 458/462 e 470; Avenida Castilhos França n° 524/534 e 600/608; Rua 28 de Setembro n° 42, 157, 528 e 536; Rua Senador Manoel Barata n° 337","Revestimento de fachada, assentados por compressão contra argamassa fresca.",13.4,6.3,-1.4510368,-48.5010789
Campina,,FE 1-1-1,Lisboa,Portugal,"13,4 x 6,3 cm",Cerâmica e vidrado Estampinha,"Travessa Frutuoso Guimarães n° 552 e 558; Travessa 7 de Setembro n° 104; Rua Conselheiro João Alfredo n° 284; Travessa Gurupá n° 114; Travessa Quintino Bocaiúva n° 932/946; Travessa Rui Barbosa n° 355 e 845; Rua Veiga Cabral n° 1338; Rua Ó de Almeida n° 43 e 387; Travessa Presidente Pernambuco n° 204; Avenida Gentil Bittencourt n° 231; Avenida 16 de Novembro n° 79 e 107; Rua Rodrigues Santos n° 305; Rua Dr. Assis n° 130; Travessa Campos Sales n° 591, 715 e 300/306/308/312; Rua Gaspar Viana n° 151/153/157 e 165/169; Praça Barão do Guajará n° 53; Rua 13 de Maio n° 194, 458/462 e 470; Avenida Castilhos França n° 524/534 e 600/608; Rua 28 de Setembro n° 42, 157, 528 e 536; Rua Senador Manoel Barata n° 337","Revestimento de fachada, assentados por compressão contra argamassa fresca.",13.4,6.3,-1.4510368,-48.5010789
Campina,,FE 1-1-1,Lisboa,Portugal,"13,4 x 6,3 cm",Cerâmica e vidrado Estampinha,"Travessa Frutuoso Guimarães n° 552 e 558; Travessa 7 de Setembro n° 104; Rua Conselheiro João Alfredo n° 284; Travessa Gurupá n° 114; Travessa Quintino Bocaiúva n° 932/946; Travessa Rui Barbosa n° 355 e 845; Rua Veiga Cabral n° 1338; Rua Ó de Almeida n° 43 e 387; Travessa Presidente Pernambuco n° 204; Avenida Gentil Bittencourt n° 231; Avenida 16 de Novembro n° 79 e 107; Rua Rodrigues Santos n° 305; Rua Dr. Assis n° 130; Travessa Campos Sales n° 591, 715 e 300/306/308/312; Rua Gaspar Viana n° 151/153/157 e 165/169; Praça Barão do Guajará n° 53; Rua 13 de Maio n° 194, 458/462 e 470; Avenida Castilhos França n° 524/534 e 600/608; Rua 28 de Setembro n° 42, 157, 528 e 536; Rua Senador Manoel Barata n° 337","Revestimento de fachada, assentados por compressão contra argamassa fresca.",13.4,6.3,-1.4510368,-48.5010789
Campina,,FE 1-1-1,Lisboa,Portugal,"13,4 x 6,3 cm",Cerâmica e vidrado Estampinha,"Travessa Frutuoso Guimarães n° 552 e 558; Travessa 7 de Setembro n° 104; Rua Conselheiro João Alfredo n° 284; Travessa Gurupá n° 114; Travessa Quintino Bocaiúva n° 932/946; Travessa Rui Barbosa n° 355 e 845; Rua Veiga Cabral n° 1338; Rua Ó de Almeida n° 43 e 387; Travessa Presidente Pernambuco n° 204; Avenida Gentil Bittencourt n° 231; Avenida 16 de Novembro n° 79 e 107; Rua Rodrigues Santos n° 305; Rua Dr. Assis n° 130; Travessa Campos Sales n° 591, 715 e 300/306/308/312; Rua Gaspar Viana n° 151/153/157 e 165/169; Praça Barão do Guajará n° 53; Rua 13 de Maio n° 194, 458/462 e 470; Avenida Castilhos França n° 524/534 e 600/608; Rua 28 de Setembro n° 42, 157, 528 e 536; Rua Senador Manoel Barata n° 337","Revestimento de fachada, assentados por compressão contra argamassa fresca.",13.4,6.3,-1.4510368,-48.5010789
Campina,,FE 1-1-1,Lisboa,Portugal,"13,4 x 6,3 cm",Cerâmica e vidrado Estampinha,"Travessa Frutuoso Guimarães n° 552 e 558; Travessa 7 de Setembro n° 104; Rua Conselheiro João Alfredo n° 284; Travessa Gurupá n° 114; Travessa Quintino Bocaiúva n° 932/946; Travessa Rui Barbosa n° 355 e 845; Rua Veiga Cabral n° 1338; Rua Ó de Almeida n° 43 e 387; Travessa Presidente Pernambuco n° 204; Avenida Gentil Bittencourt n° 231; Avenida 16 de Novembro n° 79 e 107; Rua Rodrigues Santos n° 305; Rua Dr. Assis n° 130; Travessa Campos Sales n° 591, 715 e 300/306/308/312; Rua Gaspar Viana n° 151/153/157 e 165/169; Praça Barão do Guajará n° 53; Rua 13 de Maio n° 194, 458/462 e 470; Avenida Castilhos França n° 524/534 e 600/608; Rua 28 de Setembro n° 42, 157, 528 e 536; Rua Senador Manoel Barata n° 337","Revestimento de fachada, assentados por compressão contra argamassa fresca.",13.4,6.3,-1.4510368,-48.5010789
Campina,,FE 1-1-2,Lisboa,Portugal,"13,2 x 6,5 cm",Cerâmica e vidrado Estampinha,Demolido,"Revestimento de fachada, assentados por compressão contra argamassa fresca.",13.2,6.5,,
Campina,,FE 1-1-3,Lisboa,Portugal,"13,2 x 6,5 cm",Cerâmica e vidrado Estampinha,Demolido,"Revestimento de fachada, assentados por compressão contra argamassa fresca.",13.2,6.5,,
Campina,,FE 1-1-4,Lisboa,Portugal,"13,2 x 6,5 cm",Cerâmica e vidrado Estampinha,Demolido antes de 1986,"Revestimento de fachada, assentados por compressão contra argamassa fresca.",13.2,6.5,,
Campina,,FE 1-2-2,Lisboa,Portugal,"13,2 x 6,3 cm",Cerâmica e vidrado Estampinha,Rua 28 de Setembro n° 328,"Revestimento de fachada, assentados por compressão contra argamassa fresca.",13.2,6.3,-1.4489658637467475,-48.494423733258216
Campina,,FE 1-2-5,Lisboa,Portugal,"13,2 x 6,3 cm",Cerâmica e vidrado Estampinha,Avenida Nazaré n° 293 e 305; Travessa Felix Roque n° 119,"Revestimento de fachada, assentados por compressão contra argamassa fresca.",13.2,6.3,-1.4522372,-48.485104
Campina,,FE 6-1-1,Lisboa,Portugal,,Cerâmica e vidrado Estampinha,Travessa Quintino Bocaiúva n° 1242,"Revestimento de fachada, assentados por compressão contra argamassa fresca.",,,-0.7490741,-48.0223579
Campina,,FE 7-1-1,Lisboa,Portugal,"13,6 x 6,3 cm",Cerâmica e vidrado Estampinha,"Travessa Frutuoso Guimarães n° 529; Rua Diogo Moia n° 1101; Travessa 7 de Setembro n° 164/168/170; Travessa Joaquim Távora n° 334; Travessa Gurupá n° 266; Travessa Alenquer n° 162; Travessa Rui Barbosa n° 819 e 825; Rua Senador Manoel Barata n° 114/118, 123 e 848; Rua Aristides Lobo n° 488; Avenida Portugal n° 183; Rua Cametá n° 55 e 94; travessa Padre Eutiquio n° 555 e 1359; Rua Gaspar Viana n° 223, 233/235, 371/375 e 377/381; Rua 15 de Novembro n° 29/31; Rua 13 de Maio n° 28/32 e 125; Avenida Castilhos França n° 744, 738, 600/608, 502 e 506; Rua São Boaventura n° 39; Travessa Campos Sales n° 715; Rua Gaspar Viana n° 226/228 e Rua João Diogo n° 100","Revestimento de fachada, assentados por compressão contra argamassa fresca.",13.6,6.3,-1.4511839711885166,-48.4990961090952
Campina,,FE 7-1-1,Lisboa,Portugal,"13,6 x 6,3 cm",Cerâmica e vidrado Estampinha,"Travessa Frutuoso Guimarães n° 529; Rua Diogo Moia n° 1101; Travessa 7 de Setembro n° 164/168/170; Travessa Joaquim Távora n° 334; Travessa Gurupá n° 266; Travessa Alenquer n° 162; Travessa Rui Barbosa n° 819 e 825; Rua Senador Manoel Barata n° 114/118, 123 e 848; Rua Aristides Lobo n° 488; Avenida Portugal n° 183; Rua Cametá n° 55 e 94; travessa Padre Eutiquio n° 555 e 1359; Rua Gaspar Viana n° 223, 233/235, 371/375 e 377/381; Rua 15 de Novembro n° 29/31; Rua 13 de Maio n° 28/32 e 125; Avenida Castilhos França n° 744, 738, 600/608, 502 e 506; Rua São Boaventura n° 39; Travessa Campos Sales n° 715; Rua Gaspar Viana n° 226/228 e Rua João Diogo n° 100","Revestimento de fachada, assentados por compressão contra argamassa fresca.",13.6,6.3,-1.4511839711885166,-48.4990961090952
Campina,,FE 7-1-1,Lisboa,Portugal,"13,6 x 6,3 cm",Cerâmica e vidrado Estampinha,"Travessa Frutuoso Guimarães n° 529; Rua Diogo Moia n° 1101; Travessa 7 de Setembro n° 164/168/170; Travessa Joaquim Távora n° 334; Travessa Gurupá n° 266; Travessa Alenquer n° 162; Travessa Rui Barbosa n° 819 e 825; Rua Senador Manoel Barata n° 114/118, 123 e 848; Rua Aristides Lobo n° 488; Avenida Portugal n° 183; Rua Cametá n° 55 e 94; travessa Padre Eutiquio n° 555 e 1359; Rua Gaspar Viana n° 223, 233/235, 371/375 e 377/381; Rua 15 de Novembro n° 29/31; Rua 13 de Maio n° 28/32 e 125; Avenida Castilhos França n° 744, 738, 600/608, 502 e 506; Rua São Boaventura n° 39; Travessa Campos Sales n° 715; Rua Gaspar Viana n° 226/228 e Rua João Diogo n° 100","Revestimento de fachada, assentados por compressão contra argamassa fresca.",13.6,6.3,-1.4511839711885166,-48.4990961090952
Campina,,FE 7-1-1,Lisboa,Portugal,"13,6 x 6,3 cm",Cerâmica e vidrado Estampinha,"Travessa Frutuoso Guimarães n° 529; Rua Diogo Moia n° 1101; Travessa 7 de Setembro n° 164/168/170; Travessa Joaquim Távora n° 334; Travessa Gurupá n° 266; Travessa Alenquer n° 162; Travessa Rui Barbosa n° 819 e 825; Rua Senador Manoel Barata n° 114/118, 123 e 848; Rua Aristides Lobo n° 488; Avenida Portugal n° 183; Rua Cametá n° 55 e 94; travessa Padre Eutiquio n° 555 e 1359; Rua Gaspar Viana n° 223, 233/235, 371/375 e 377/381; Rua 15 de Novembro n° 29/31; Rua 13 de Maio n° 28/32 e 125; Avenida Castilhos França n° 744, 738, 600/608, 502 e 506; Rua São Boaventura n° 39; Travessa Campos Sales n° 715; Rua Gaspar Viana n° 226/228 e Rua João Diogo n° 100","Revestimento de fachada, assentados por compressão contra argamassa fresca.",13.6,6.3,-1.4511839711885166,-48.4990961090952
Campina,,FE 7-1-1,Lisboa,Portugal,"13,6 x 6,3 cm",Cerâmica e vidrado Estampinha,"Travessa Frutuoso Guimarães n° 529; Rua Diogo Moia n° 1101; Travessa 7 de Setembro n° 164/168/170; Travessa Joaquim Távora n° 334; Travessa Gurupá n° 266; Travessa Alenquer n° 162; Travessa Rui Barbosa n° 819 e 825; Rua Senador Manoel Barata n° 114/118, 123 e 848; Rua Aristides Lobo n° 488; Avenida Portugal n° 183; Rua Cametá n° 55 e 94; travessa Padre Eutiquio n° 555 e 1359; Rua Gaspar Viana n° 223, 233/235, 371/375 e 377/381; Rua 15 de Novembro n° 29/31; Rua 13 de Maio n° 28/32 e 125; Avenida Castilhos França n° 744, 738, 600/608, 502 e 506; Rua São Boaventura n° 39; Travessa Campos Sales n° 715; Rua Gaspar Viana n° 226/228 e Rua João Diogo n° 100","Revestimento de fachada, assentados por compressão contra argamassa fresca.",13.6,6.3,-1.4511839711885166,-48.4990961090952
Campina,,FE 7-1-2,Lisboa,Portugal,"13,6 x 5,3 cm",Cerâmica e vidrado Estampinha,Demolido antes de 1986,"Revestimento de fachada, assentados por compressão contra argamassa fresca.",13.6,5.3,,
Campina,,FE 9-1-1,Lisboa,Portugal,"13 x 6,3 cm",Cerâmica e vidrado Estampinha,Travessa Dom Romualdo de Seixas n° 1718; Avenida Nazaré n° 31,"Revestimento de fachada, assentados por compressão contra argamassa fresca.",13,6.3,-1.4382995,-48.4893583
Campina,,FE 9-1-1,Lisboa,Portugal,"13 x 6,3 cm",Cerâmica e vidrado Estampinha,Travessa Dom Romualdo de Seixas n° 1718; Avenida Nazaré n° 31,"Revestimento de fachada, assentados por compressão contra argamassa fresca.",13,6.3,-1.4382995,-48.4893583
Campina,,FE 10-1-2,,,"13,5 x 7 cm",Cerâmica e vidrado Estampinha,Rua Conselheiro João Alfredo n° 289,"Revestimento de fachada, assentados por compressão contra argamassa fresca.",13.5,7,-1.4540567,-48.5031455
Campina,,FE 11-1-1,Portugal,,"13,6 x 6,4 cm",Cerâmica e vidrado Estampinha,Travessa Gurupá n° 266,"Revestimento de fachada, assentados por compressão contra argamassa fresca.",13.6,6.4,-1.4596774,-48.5024191
Campina,,FE 15-1-1,Lisboa,Portugal,"13 x 6,3 cm",Cerâmica e vidrado Estampinha,"Rua Senador Lemos n° 573; Rua Gaspar Viana 180/182; Travessa Leão XII n° 21; 
Rua 28 de Setembro n° 872","Revestimento de fachada, assentados por compressão contra argamassa fresca.",13,6.3,-1.3101184,-48.3016655
Campina,,FE 15-1-1,Lisboa,Portugal,"13 x 6,3 cm",Cerâmica e vidrado Estampinha,"Rua Senador Lemos n° 573; Rua Gaspar Viana 180/182; Travessa Leão XII n° 21; 
Rua 28 de Setembro n° 872","Revestimento de fachada, assentados por compressão contra argamassa fresca.",13,6.3,-1.3101184,-48.3016655
Campina,,FE 15-1-1,Lisboa,Portugal,"13 x 6,3 cm",Cerâmica e vidrado Estampinha,"Rua Senador Lemos n° 573; Rua Gaspar Viana 180/182; Travessa Leão XII n° 21; 
Rua 28 de Setembro n° 872","Revestimento de fachada, assentados por compressão contra argamassa fresca.",13,6.3,-1.3101184,-48.3016655
Reduto,,FE 15-1-1,Lisboa,Portugal,"13 x 6,3 cm",Cerâmica e vidrado Estampinha,"Rua Senador Lemos n° 573; Rua Gaspar Viana 180/182; Travessa Leão XII n° 21; 
Rua 28 de Setembro n° 872","Revestimento de fachada, assentados por compressão contra argamassa fresca.",13,6.3,-1.3101184,-48.3016655
Nazaré,,FE 15-1-1,Lisboa,Portugal,"13 x 6,3 cm",Cerâmica e vidrado Estampinha,"Rua Senador Lemos n° 573; Rua Gaspar Viana 180/182; Travessa Leão XII n° 21; 
Rua 28 de Setembro n° 872","Revestimento de fachada, assentados por compressão contra argamassa fresca.",13,6.3,-1.3101184,-48.3016655
Umarizal,,FE 15-1-1,Lisboa,Portugal,"13 x 6,3 cm",Cerâmica e vidrado Estampinha,"Rua Senador Lemos n° 573; Rua Gaspar Viana 180/182; Travessa Leão XII n° 21; 
Rua 28 de Setembro n° 872","Revestimento de fachada, assentados por compressão contra argamassa fresca.",13,6.3,-1.3101184,-48.3016655
BatistaCampos,,FE 15-1-1,Lisboa,Portugal,"13 x 6,3 cm",Cerâmica e vidrado Estampinha,"Rua Senador Lemos n° 573; Rua Gaspar Viana 180/182; Travessa Leão XII n° 21; 
Rua 28 de Setembro n° 872","Revestimento de fachada, assentados por compressão contra argamassa fresca.",13,6.3,-1.3101184,-48.3016655
Campina,,FE  15-1-2,Lisboa,Portugal,"13 x 6,3 cm",Cerâmica e vidrado Estampinha,Rua Domingos Marreiros n° 279; Rua Padre Prudêncio n° 586; Rua Gama Abreu n° 1190 e 1202,"Revestimento de fachada, assentados por compressão contra argamassa fresca.",13,6.3,-1.4467069,-48.4853603
BatistaCampos,,FE  15-1-2,Lisboa,Portugal,"13 x 6,3 cm",Cerâmica e vidrado Estampinha,Rua Domingos Marreiros n° 279; Rua Padre Prudêncio n° 586; Rua Gama Abreu n° 1190 e 1202,"Revestimento de fachada, assentados por compressão contra argamassa fresca.",13,6.3,-1.4467069,-48.4853603
Campina,,FE  15-1-2,Lisboa,Portugal,"13 x 6,3 cm",Cerâmica e vidrado Estampinha,Rua Domingos Marreiros n° 279; Rua Padre Prudêncio n° 586; Rua Gama Abreu n° 1190 e 1202,"Revestimento de fachada, assentados por compressão contra argamassa fresca.",13,6.3,-1.4467069,-48.4853603
BatistaCampos,,FE  15-1-2,Lisboa,Portugal,"13 x 6,3 cm",Cerâmica e vidrado Estampinha,Rua Domingos Marreiros n° 279; Rua Padre Prudêncio n° 586; Rua Gama Abreu n° 1190 e 1202,"Revestimento de fachada, assentados por compressão contra argamassa fresca.",13,6.3,-1.4467069,-48.4853603
Campina,,FE 17-2-1,Lisboa,Portugal,"13,5 x 7,5 cm",Cerâmica e vidrado Estampinha,Rua 13 de MAio n° 81/83/89 e 510/512/514; Avenida Castilhos França n° 722,"Revestimento de fachada, assentados por compressão contra argamassa fresca.",13.5,7.5,-1.4530688,-48.5007704
BatistaCampos,,FE 17-2-1,Lisboa,Portugal,"13,5 x 7,5 cm",Cerâmica e vidrado Estampinha,Rua 13 de MAio n° 81/83/89 e 510/512/514; Avenida Castilhos França n° 722,"Revestimento de fachada, assentados por compressão contra argamassa fresca.",13.5,7.5,-1.4530688,-48.5007704
SãoBrás,,FE 17-2-1,Lisboa,Portugal,"13,5 x 7,5 cm",Cerâmica e vidrado Estampinha,Rua 13 de MAio n° 81/83/89 e 510/512/514; Avenida Castilhos França n° 722,"Revestimento de fachada, assentados por compressão contra argamassa fresca.",13.5,7.5,-1.4530688,-48.5007704
Campina,,FE 19-1-1,Lisboa,Portugal,"13,5 x 6,5 cm",Cerâmica e vidrado Estampinha,Rua Ó de Almeida n° 831; Rua dos Mundurucus n° 1387; Rua Senador Manoel Barata n° 993; Travessa Frei Gil de Vila Nova n° 993,"Revestimento de fachada, assentados por compressão contra argamassa fresca.",13.5,6.5,-1.449540427897844,-48.48985507341709
Nazaré,,FE 19-1-1,Lisboa,Portugal,"13,5 x 6,5 cm",Cerâmica e vidrado Estampinha,Rua Ó de Almeida n° 831; Rua dos Mundurucus n° 1387; Rua Senador Manoel Barata n° 993; Travessa Frei Gil de Vila Nova n° 993,"Revestimento de fachada, assentados por compressão contra argamassa fresca.",13.5,6.5,-1.449540427897844,-48.48985507341709
Campina,,FE 19-1-1,Lisboa,Portugal,"13,5 x 6,5 cm",Cerâmica e vidrado Estampinha,Rua Ó de Almeida n° 831; Rua dos Mundurucus n° 1387; Rua Senador Manoel Barata n° 993; Travessa Frei Gil de Vila Nova n° 993,"Revestimento de fachada, assentados por compressão contra argamassa fresca.",13.5,6.5,-1.449540427897844,-48.48985507341709
Nazaré,,FE 19-1-1,Lisboa,Portugal,"13,5 x 6,5 cm",Cerâmica e vidrado Estampinha,Rua Ó de Almeida n° 831; Rua dos Mundurucus n° 1387; Rua Senador Manoel Barata n° 993; Travessa Frei Gil de Vila Nova n° 993,"Revestimento de fachada, assentados por compressão contra argamassa fresca.",13.5,6.5,-1.449540427897844,-48.48985507341709
Campina,,FE 19-1-1,Lisboa,Portugal,"13,5 x 6,5 cm",Cerâmica e vidrado Estampinha,Rua Ó de Almeida n° 831; Rua dos Mundurucus n° 1387; Rua Senador Manoel Barata n° 993; Travessa Frei Gil de Vila Nova n° 993,"Revestimento de fachada, assentados por compressão contra argamassa fresca.",13.5,6.5,-1.449540427897844,-48.48985507341709
Nazaré,,FE 19-1-1,Lisboa,Portugal,"13,5 x 6,5 cm",Cerâmica e vidrado Estampinha,Rua Ó de Almeida n° 831; Rua dos Mundurucus n° 1387; Rua Senador Manoel Barata n° 993; Travessa Frei Gil de Vila Nova n° 993,"Revestimento de fachada, assentados por compressão contra argamassa fresca.",13.5,6.5,-1.449540427897844,-48.48985507341709
Jurunas,,FE 19-1-1,Lisboa,Portugal,"13,5 x 6,5 cm",Cerâmica e vidrado Estampinha,Rua Ó de Almeida n° 831; Rua dos Mundurucus n° 1387; Rua Senador Manoel Barata n° 993; Travessa Frei Gil de Vila Nova n° 993,"Revestimento de fachada, assentados por compressão contra argamassa fresca.",13.5,6.5,-1.449540427897844,-48.48985507341709
CidadeVelha,,FE 19-1-2,Lisboa,Portugal,"13,5 x 6,5 cm",Cerâmica e vidrado Estampinha,Rua Riachuelo n° 190,"Revestimento de fachada, assentados por compressão contra argamassa fresca.",13.5,6.5,-1.4520231058123283,-48.49834390867064
CidadeVelha,,FE 21-1-1,Lisboa,Portugal,13 x 6 cm,Cerâmica e vidrado Estampinha,"Travessa Frutuoso Guimarães n° 329; Rua Santo Antônio n° 14/20; Travessa Gurupá n° 178; 
Rua Ó de Almeida n° 618 e 793; Rua Senador Manoel Barata n° 77; Travessa Piedade n° 342, 346 e s/n° e travessa Benjamin Constant n° 1035","Revestimento de fachada, assentados por compressão contra argamassa fresca.",13,6,-1.4522710146475735,-48.50024294814875
CidadeVelha,,FE 21-1-1,Lisboa,Portugal,13 x 6 cm,Cerâmica e vidrado Estampinha,"Travessa Frutuoso Guimarães n° 329; Rua Santo Antônio n° 14/20; Travessa Gurupá n° 178; 
Rua Ó de Almeida n° 618 e 793; Rua Senador Manoel Barata n° 77; Travessa Piedade n° 342, 346 e s/n° e travessa Benjamin Constant n° 1035","Revestimento de fachada, assentados por compressão contra argamassa fresca.",13,6,-1.4522710146475735,-48.50024294814875
CidadeVelha,,FE 21-1-1,Lisboa,Portugal,13 x 6 cm,Cerâmica e vidrado Estampinha,"Travessa Frutuoso Guimarães n° 329; Rua Santo Antônio n° 14/20; Travessa Gurupá n° 178; 
Rua Ó de Almeida n° 618 e 793; Rua Senador Manoel Barata n° 77; Travessa Piedade n° 342, 346 e s/n° e travessa Benjamin Constant n° 1035","Revestimento de fachada, assentados por compressão contra argamassa fresca.",13,6,-1.4522710146475735,-48.50024294814875
CidadeVelha,,FE 21-1-1,Lisboa,Portugal,13 x 6 cm,Cerâmica e vidrado Estampinha,"Travessa Frutuoso Guimarães n° 329; Rua Santo Antônio n° 14/20; Travessa Gurupá n° 178; 
Rua Ó de Almeida n° 618 e 793; Rua Senador Manoel Barata n° 77; Travessa Piedade n° 342, 346 e s/n° e travessa Benjamin Constant n° 1035","Revestimento de fachada, assentados por compressão contra argamassa fresca.",13,6,-1.4522710146475735,-48.50024294814875
CidadeVelha,,FE 22-1-1,Lisboa,Portugal,"13,2 x 6,7 cm",Cerâmica e vidrado Estampinha,Rua Padre Prudêncio n° 514 e 518,"Revestimento de fachada, assentados por compressão contra argamassa fresca.",13.2,6.7,,
CidadeVelha,,FE 23-1-1,Lisboa,Portugal,,Cerâmica e vidrado Estampinha,Demolido antes de 1986,"Revestimento de fachada, assentados por compressão contra argamassa fresca.",,,,
CidadeVelha,,FE 24-1-1,Lisboa,Portugal,"13,2 x 6,7 cm",Cerâmica e vidrado Estampinha,"Travessa Frutuoso Guimarães n° 482; Rua Padre Prudêncio n° 514 e 518; Travessa Benjamin Constant n° 1006, 1012, 1041 e 1047; Rua Tiradentes n° 514; Avenida Governador José Malcher n° 453; Rua Aristides Lobo n° 145; Rua Marques de Pombal n° 44/46 e 48; Rua Cametá n° 50; Rua Gaspar Viana n° 96/98; Travessa Leão XII s/n°, 52 e 37/27; Rua Santo Antônio n° 135/155; Rua 13 de Maio n° 520 e 524; Praça Visconde do Rio Branco","Revestimento de fachada, assentados por compressão contra argamassa fresca.",13.2,6.7,-1.4510368,-48.5010789
CidadeVelha,,FE 24-1-1,Lisboa,Portugal,"13,2 x 6,7 cm",Cerâmica e vidrado Estampinha,"Travessa Frutuoso Guimarães n° 482; Rua Padre Prudêncio n° 514 e 518; Travessa Benjamin Constant n° 1006, 1012, 1041 e 1047; Rua Tiradentes n° 514; Avenida Governador José Malcher n° 453; Rua Aristides Lobo n° 145; Rua Marques de Pombal n° 44/46 e 48; Rua Cametá n° 50; Rua Gaspar Viana n° 96/98; Travessa Leão XII s/n°, 52 e 37/27; Rua Santo Antônio n° 135/155; Rua 13 de Maio n° 520 e 524; Praça Visconde do Rio Branco","Revestimento de fachada, assentados por compressão contra argamassa fresca.",13.2,6.7,-1.4510368,-48.5010789
CidadeVelha,,FE 24-1-1,Lisboa,Portugal,"13,2 x 6,7 cm",Cerâmica e vidrado Estampinha,"Travessa Frutuoso Guimarães n° 482; Rua Padre Prudêncio n° 514 e 518; Travessa Benjamin Constant n° 1006, 1012, 1041 e 1047; Rua Tiradentes n° 514; Avenida Governador José Malcher n° 453; Rua Aristides Lobo n° 145; Rua Marques de Pombal n° 44/46 e 48; Rua Cametá n° 50; Rua Gaspar Viana n° 96/98; Travessa Leão XII s/n°, 52 e 37/27; Rua Santo Antônio n° 135/155; Rua 13 de Maio n° 520 e 524; Praça Visconde do Rio Branco","Revestimento de fachada, assentados por compressão contra argamassa fresca.",13.2,6.7,-1.4510368,-48.5010789
CidadeVelha,,FE 24-1-1,Lisboa,Portugal,"13,2 x 6,7 cm",Cerâmica e vidrado Estampinha,"Travessa Frutuoso Guimarães n° 482; Rua Padre Prudêncio n° 514 e 518; Travessa Benjamin Constant n° 1006, 1012, 1041 e 1047; Rua Tiradentes n° 514; Avenida Governador José Malcher n° 453; Rua Aristides Lobo n° 145; Rua Marques de Pombal n° 44/46 e 48; Rua Cametá n° 50; Rua Gaspar Viana n° 96/98; Travessa Leão XII s/n°, 52 e 37/27; Rua Santo Antônio n° 135/155; Rua 13 de Maio n° 520 e 524; Praça Visconde do Rio Branco","Revestimento de fachada, assentados por compressão contra argamassa fresca.",13.2,6.7,-1.4510368,-48.5010789
CidadeVelha,,FE 25-1-1,Lisboa,Portugal,"13,4 x 6,3 cm",Cerâmica e vidrado Estampinha,Avenida Senador Lemos n° 762; Rua Conselheiro João Alfredo n° 194/196; Rua Dr. Malcher n° 15/84 e 106; Travessa Benjamin Constant n° 506 e 512; Avenida Castilhos França n° 346; Rua 15 de Novembro n° 30/32/34/38,"Revestimento de fachada, assentados por compressão contra argamassa fresca.",13.4,6.3,-1.4309975,-48.4837657
CidadeVelha,,FE 25-1-1,Lisboa,Portugal,"13,4 x 6,3 cm",Cerâmica e vidrado Estampinha,Avenida Senador Lemos n° 762; Rua Conselheiro João Alfredo n° 194/196; Rua Dr. Malcher n° 15/84 e 106; Travessa Benjamin Constant n° 506 e 512; Avenida Castilhos França n° 346; Rua 15 de Novembro n° 30/32/34/38,"Revestimento de fachada, assentados por compressão contra argamassa fresca.",13.4,6.3,-1.4309975,-48.4837657
CidadeVelha,,FE 25-1-1,Lisboa,Portugal,"13,4 x 6,3 cm",Cerâmica e vidrado Estampinha,Avenida Senador Lemos n° 762; Rua Conselheiro João Alfredo n° 194/196; Rua Dr. Malcher n° 15/84 e 106; Travessa Benjamin Constant n° 506 e 512; Avenida Castilhos França n° 346; Rua 15 de Novembro n° 30/32/34/38,"Revestimento de fachada, assentados por compressão contra argamassa fresca.",13.4,6.3,-1.4309975,-48.4837657
CidadeVelha,,FE 25-1-1,Lisboa,Portugal,"13,4 x 6,3 cm",Cerâmica e vidrado Estampinha,Avenida Senador Lemos n° 762; Rua Conselheiro João Alfredo n° 194/196; Rua Dr. Malcher n° 15/84 e 106; Travessa Benjamin Constant n° 506 e 512; Avenida Castilhos França n° 346; Rua 15 de Novembro n° 30/32/34/38,"Revestimento de fachada, assentados por compressão contra argamassa fresca.",13.4,6.3,-1.4309975,-48.4837657
CidadeVelha,,FE 25-2-1,,,"13,1 x 4 cm",Cerâmica e vidrado Estampinha,"Travessa Frutuoso Guimarães n° 175/179, 123/185, 187/191; Travessa Alenquer n° 337;
 Rua Dr. Malcher n° 85","Revestimento de fachada, assentados por compressão contra argamassa fresca.",13.1,4,-1.4510368,-48.5010789
CidadeVelha,,FE 25-2-1,,,"13,1 x 4 cm",Cerâmica e vidrado Estampinha,"Travessa Frutuoso Guimarães n° 175/179, 123/185, 187/191; Travessa Alenquer n° 337;
 Rua Dr. Malcher n° 85","Revestimento de fachada, assentados por compressão contra argamassa fresca.",13.1,4,-1.4510368,-48.5010789
CidadeVelha,,FE 25-2-1,,,"13,1 x 4 cm",Cerâmica e vidrado Estampinha,"Travessa Frutuoso Guimarães n° 175/179, 123/185, 187/191; Travessa Alenquer n° 337;
 Rua Dr. Malcher n° 85","Revestimento de fachada, assentados por compressão contra argamassa fresca.",13.1,4,-1.4510368,-48.5010789
CidadeVelha,,FE 25-3-1,Provavelmente Portugal,,,Cerâmica e vidrado Estampinha,Rua 15 de Novembro n° 30/32/34/38,"Revestimento de fachada, assentados por compressão contra argamassa fresca.",,,-1.1615771,-48.4688459
CidadeVelha,,FE 26-1-1,,,"15,2 x 4 cm",Cerâmica e vidrado Estampinha,Travessa Alenquer n° 146,"Revestimento de fachada, assentados por compressão contra argamassa fresca.",15.2,4,-1.4604903,-48.5047975
CidadeVelha,,FE 29-1-1,Portugal,,,Cerâmica e vidrado Estampinha,Demolido antes de 1986,"Revestimento de fachada, assentados por compressão contra argamassa fresca.",,,,
CidadeVelha,,FE 32-1-1,,,"13,1 x 4 cm",Cerâmica e vidrado Estampinha,"Travessa Frutuoso Guimarães n° 175/179, 123/185, 187/191; Travessa Alenquer n° 168; Travessa Piedade n° 337","Revestimento de fachada, assentados por compressão contra argamassa fresca.",13.1,4,-1.4510368,-48.5010789
CidadeVelha,,FE 32-1-1,,,"13,1 x 4 cm",Cerâmica e vidrado Estampinha,"Travessa Frutuoso Guimarães n° 175/179, 123/185, 187/191; Travessa Alenquer n° 168; Travessa Piedade n° 337","Revestimento de fachada, assentados por compressão contra argamassa fresca.",13.1,4,-1.4510368,-48.5010789
CidadeVelha,,FE 32-1-1,,,"13,1 x 4 cm",Cerâmica e vidrado Estampinha,"Travessa Frutuoso Guimarães n° 175/179, 123/185, 187/191; Travessa Alenquer n° 168; Travessa Piedade n° 337","Revestimento de fachada, assentados por compressão contra argamassa fresca.",13.1,4,-1.4510368,-48.5010789
Campina,,FE 32-1-1,,,"13,1 x 4 cm",Cerâmica e vidrado Estampinha,"Travessa Frutuoso Guimarães n° 175/179, 123/185, 187/191; Travessa Alenquer n° 168; Travessa Piedade n° 337","Revestimento de fachada, assentados por compressão contra argamassa fresca.",13.1,4,-1.4510368,-48.5010789
CidadeVelha,,FE 33-1-1,,,"13,1 x 4 cm",Cerâmica e vidrado Estampinha,Rua Ó de Almeida n° 755 e 757/759,"Revestimento de fachada, assentados por compressão contra argamassa fresca.",13.1,4,-1.4515412,-48.4973671
Campina,,FE 33-1-1,,,"13,1 x 4 cm",Cerâmica e vidrado Estampinha,Rua Ó de Almeida n° 755 e 757/759,"Revestimento de fachada, assentados por compressão contra argamassa fresca.",13.1,4,-1.4515412,-48.4973671
Reduto,,FE 33-1-1,,,"13,1 x 4 cm",Cerâmica e vidrado Estampinha,Rua Ó de Almeida n° 755 e 757/759,"Revestimento de fachada, assentados por compressão contra argamassa fresca.",13.1,4,-1.4515412,-48.4973671
Nazaré,,FE 33-1-1,,,"13,1 x 4 cm",Cerâmica e vidrado Estampinha,Rua Ó de Almeida n° 755 e 757/759,"Revestimento de fachada, assentados por compressão contra argamassa fresca.",13.1,4,-1.4515412,-48.4973671
CidadeVelha,,FE 33-2-2,Portugal,,"15 x 7,5 cm",Cerâmica e vidrado Estampinha,Travessa Presidente Pernambuco n° 204,"Revestimento de fachada, assentados por compressão contra argamassa fresca.",15,7.5,-1.4580157,-48.4918976
Campina,,FE 33-2-2,Portugal,,"15 x 7,5 cm",Cerâmica e vidrado Estampinha,Travessa Presidente Pernambuco n° 204,"Revestimento de fachada, assentados por compressão contra argamassa fresca.",15,7.5,-1.4580157,-48.4918976
Reduto,,FE 33-2-2,Portugal,,"15 x 7,5 cm",Cerâmica e vidrado Estampinha,Travessa Presidente Pernambuco n° 204,"Revestimento de fachada, assentados por compressão contra argamassa fresca.",15,7.5,-1.4580157,-48.4918976
Nazaré,,FE 33-2-2,Portugal,,"15 x 7,5 cm",Cerâmica e vidrado Estampinha,Travessa Presidente Pernambuco n° 204,"Revestimento de fachada, assentados por compressão contra argamassa fresca.",15,7.5,-1.4580157,-48.4918976
CidadeVelha,,FE 34-1-1,,,"13,1 x 4 cm",Cerâmica e vidrado Estampinha,Rua 28 de Setembro n° 528,"Revestimento de fachada, assentados por compressão contra argamassa fresca.",13.1,4,-1.450574,-48.4982834
Campina,,FE 34-1-1,,,"13,1 x 4 cm",Cerâmica e vidrado Estampinha,Rua 28 de Setembro n° 528,"Revestimento de fachada, assentados por compressão contra argamassa fresca.",13.1,4,-1.450574,-48.4982834
Umarizal,,FE 34-1-1,,,"13,1 x 4 cm",Cerâmica e vidrado Estampinha,Rua 28 de Setembro n° 528,"Revestimento de fachada, assentados por compressão contra argamassa fresca.",13.1,4,-1.450574,-48.4982834
CidadeVelha,,FE 35-1-1,Portugal,,,Cerâmica e vidrado Estampinha,Demolido antes de 1986,"Revestimento de fachada, assentados por compressão contra argamassa fresca.",,,,
Nazaré,,FE 35-1-1,Portugal,,,Cerâmica e vidrado Estampinha,Demolido antes de 1986,"Revestimento de fachada, assentados por compressão contra argamassa fresca.",,,,
BatistaCampos,,FE 35-1-1,Portugal,,,Cerâmica e vidrado Estampinha,Demolido antes de 1986,"Revestimento de fachada, assentados por compressão contra argamassa fresca.",,,,
CidadeVelha,,FE 36-1-1,Portugal,,"13,3 x 6,4 cm",Cerâmica e vidrado Estampinha,Travessa Gurupá n° 266,"Revestimento de fachada, assentados por compressão contra argamassa fresca.",13.3,6.4,-1.4596774,-48.5024191
Nazaré,,FE 36-1-1,Portugal,,"13,3 x 6,4 cm",Cerâmica e vidrado Estampinha,Travessa Gurupá n° 266,"Revestimento de fachada, assentados por compressão contra argamassa fresca.",13.3,6.4,-1.4596774,-48.5024191
Umarizal,,FE 36-1-1,Portugal,,"13,3 x 6,4 cm",Cerâmica e vidrado Estampinha,Travessa Gurupá n° 266,"Revestimento de fachada, assentados por compressão contra argamassa fresca.",13.3,6.4,-1.4596774,-48.5024191
CidadeVelha,,FE 37-1-1,Portugal,,,Cerâmica e vidrado Estampinha,Demolido antes de 1986,"Revestimento de fachada, assentados por compressão contra argamassa fresca.",,,,
Reduto,,FE 37-1-1,Portugal,,,Cerâmica e vidrado Estampinha,Demolido antes de 1986,"Revestimento de fachada, assentados por compressão contra argamassa fresca.",,,,
Campina,,FE 38-1-1,França,,21 x 6 cm,Cerâmica e vidrado Estampinha,Rua 28 de Setembro n° 1181/1183,"Revestimento de fachada, assentados por compressão contra argamassa fresca.",21,6,-1.450574,-48.4982834
Reduto,,FE 38-1-1,França,,21 x 6 cm,Cerâmica e vidrado Estampinha,Rua 28 de Setembro n° 1181/1183,"Revestimento de fachada, assentados por compressão contra argamassa fresca.",21,6,-1.450574,-48.4982834
CidadeVelha,,FE 38-1-1,França,,21 x 6 cm,Cerâmica e vidrado Estampinha,Rua 28 de Setembro n° 1181/1183,"Revestimento de fachada, assentados por compressão contra argamassa fresca.",21,6,-1.450574,-48.4982834
Comércio,,FE 39-1-1,Lisboa,Portugal,"13,6 x 6,9 cm",Cerâmica e vidrado Estampinha,"Avenida Nazaré n° 427, 435, 441, 449, 457, 463 e 489; Rua Arcipreste Manoel Teodoro n° 756;
 Rua Rodrigues dos Santos n° 305","Revestimento de fachada, assentados por compressão contra argamassa fresca.",13.6,6.9,-1.4522372,-48.485104
Comercio,,FE 40-1-1,Lisboa,Portugal,"13,4 x 6,8 cm",Cerâmica e vidrado Estampinha,Avenida 16 de Novembro n° 406; Rua 28 de Setembro n° 1187/1189,"Revestimento de fachada, assentados por compressão contra argamassa fresca.",13.4,6.8,-1.1327089,-48.4566988
Nazaré,,FE 40-1-1,Lisboa,Portugal,"13,4 x 6,8 cm",Cerâmica e vidrado Estampinha,Avenida 16 de Novembro n° 406; Rua 28 de Setembro n° 1187/1189,"Revestimento de fachada, assentados por compressão contra argamassa fresca.",13.4,6.8,-1.1327089,-48.4566988
Nazaré,,FE 41-1-1,Lisboa,Portugal,"13,3 x 6,5 cm",Cerâmica e vidrado Estampinha,Avenida 16 de Novembro n° 791,"Revestimento de fachada, assentados por compressão contra argamassa fresca.",13.3,6.5,-1.1327089,-48.4566988
Nazaré,,FE 42-1-1,Lisboa,Portugal,"13,3 x 6,5 cm",Cerâmica e vidrado Estampinha,Travessa Pedro Albuquerque n° 65; Travessa Benjamin Constant n° 415; Avenida Nazaré n° 285; Travessa Campos Sales n° 517; Rua Angelo Custódio n° 35/41/45/47,"Revestimento de fachada, assentados por compressão contra argamassa fresca.",13.3,6.5,-1.4590155,-48.5039701
Nazaré,,FE 43-1-1,Lisboa,Portugal,"13,3 x 6,5 cm",Cerâmica e vidrado Estampinha,Travessa Pedro Albuquerque n° 71,"Revestimento de fachada, assentados por compressão contra argamassa fresca.",13.3,6.5,-1.4590155,-48.5039701
Nazaré,,FE 44-1-1,Porto,Portugal,,Cerâmica e vidrado Estampinha,Demolido antes de 1986,"Revestimento de fachada, assentados por compressão contra argamassa fresca.",,,,
Nazaré,,FE 45-1-1,Porto,Portugal,,Cerâmica e vidrado Estampinha,Travessa São Francisco n° 60,"Revestimento de fachada, assentados por compressão contra argamassa fresca.",,,-1.4569976,-48.4990726
Nazaré,,FE 46-1-1,Porto,Portugal,,Cerâmica e vidrado Estampinha,Travessa São Francisco n° 60,"Revestimento de fachada, assentados por compressão contra argamassa fresca.",,,-1.4569976,-48.4990726
Nazaré,,FE 47-1-1,,,"14,4 x 6,8 cm",Cerâmica e vidrado Estampinha,Travessa Rui Barbosa n° 717 e 723,"Revestimento de fachada, assentados por compressão contra argamassa fresca.",14.4,6.8,-1.9615324,-48.1932456
Nazaré,,FE 48-1-1 (a e b-canto),,,,Cerâmica e vidrado Estampinha,Rua Oliveira Belo n° 260 e 264,"Revestimento de fachada, assentados por compressão contra argamassa fresca.",,,-1.4402085,-48.4776417
Nazaré,,FE 49-1-1,Portugal,,"15,1 x 7,6 cm",Cerâmica e vidrado Estampinha,"Travessa Frutuoso Guimarães n° 400, 441, 565, 584, 590, 596 e 602; Travessa Presidente Pernambuco n° 204; Rua Riachuelo n° 43 e s/n°","Revestimento de fachada, assentados por compressão contra argamassa fresca.",15.1,7.6,-1.4510368,-48.5010789
Nazaré,,FE 49-1-2,,,"15,1 x 7,6 cm",Cerâmica e vidrado Estampinha,Demolido antes de 1986,"Revestimento de fachada, assentados por compressão contra argamassa fresca.",15.1,7.6,,
Nazaré,,FE 50-1-1,Portugal,,,Cerâmica e vidrado Estampinha,Demolido antes de 1986,"Revestimento de fachada, assentados por compressão contra argamassa fresca.",,,,
Nazaré,,FE 51-1-1,Portugal,,"15,4 x 7,4 cm",Cerâmica e vidrado Estampinha,Rua Senador Manoel Barata n° 492/496,"Revestimento de fachada, assentados por compressão contra argamassa fresca.",15.4,7.4,-1.450417,-48.4971926
Nazaré,,FE 52-1-1,Alemanha,,"14,5 x 7 cm",Cerâmica e vidrado Estampinha,Avenida Brás de Aguiar n° 55,"Revestimento de fachada, assentados por compressão contra argamassa fresca.",14.5,7,-1.4543551,-48.4845742
Nazaré,,FE 53-1-1,Portugal,,"14 x 6,8 cm",Cerâmica e vidrado Estampinha,Rua Dr. Assis n° 213-215,"Revestimento de fachada, assentados por compressão contra argamassa fresca.",14,6.8,-1.4619697,-48.5044161
Nazaré,,FE 54-1-1,Portugal,,,Cerâmica e vidrado Estampinha,Travessa São Francisco n° 60,"Revestimento de fachada, assentados por compressão contra argamassa fresca.",,,-1.4569976,-48.4990726
Nazaré,,FE 55-1-1,Portugal,,,Cerâmica e vidrado Estampinha,Rua Senador Manoel Barata n° 271,"Revestimento de fachada, assentados por compressão contra argamassa fresca.",,,-1.450417,-48.4971926
Nazaré,,FE 56-1-1,Provavelmente Portugal,,,Cerâmica e vidrado Estampinha,Travessa Campos Sales n° 365/375,"Revestimento de fachada, assentados por compressão contra argamassa fresca.",,,-1.4519837209649507,-48.496945129523944
Nazaré,,FE 57-1-1,Provavelmente Portugal,,,Cerâmica e vidrado Estampinha,Demolido antes de 1986,"Revestimento de fachada, assentados por compressão contra argamassa fresca.",,,,
Reduto,,FE 57-1-1,Provavelmente Portugal,,,Cerâmica e vidrado Estampinha,Demolido antes de 1986,"Revestimento de fachada, assentados por compressão contra argamassa fresca.",,,,
Nazaré,,FE 58-1-1,,,"15 x 7,5 cm",Cerâmica e vidrado Estampinha,Avenido Conselheiro Furtado n° 1881,"Revestimento de fachada, assentados por compressão contra argamassa fresca.",15,7.5,,
Umarizal,,FE 58-1-1,,,"15 x 7,5 cm",Cerâmica e vidrado Estampinha,Avenido Conselheiro Furtado n° 1881,"Revestimento de fachada, assentados por compressão contra argamassa fresca.",15,7.5,,
Reduto,,FE 59-1-1,,,"15 x 7,5 cm",Cerâmica e vidrado Estampinha,Demolido,"Revestimento de fachada, assentados por compressão contra argamassa fresca.",15,7.5,,
Reduto,,FE 60-1-1,,,"14,2 x 6,6 cm",Cerâmica e vidrado Estampinha,Travessa São Francisco n° 60,"Revestimento de fachada, assentados por compressão contra argamassa fresca.",14.2,6.6,-1.4569976,-48.4990726
Reduto,,FE 61-1-1,,,"15 x 7,5 cm",Cerâmica e vidrado Estampinha,Demolido,"Revestimento de fachada, assentados por compressão contra argamassa fresca.",15,7.5,,
Reduto,,FI 1-1-1,,,,Cerâmica e vidrado Transferência ou Impressão,Rua Senador Manoel Barata n° 105; Avenida Gentil Bittencourt n° 49,"Revestimento de fachada, assentados por compressão contra argamassa fresca.",,,-1.450417,-48.4971926
Reduto,,FI 2-1-1,,,"15,1 x 7,5 cm",Cerâmica e vidrado Transferência ou Impressão,Avenida Generalíssimo Deodoro n° 384,"Revestimento de fachada, assentados por compressão contra argamassa fresca.",15.1,7.5,-1.441101143159871,-48.48063069576632
Reduto,,CD  4-1-1,Dresden,Alemanha,14 x 14 cm,Cerâmica e vidrado Transferência ou Impressão (Decalcomania),"Rua Santo Antônio n° 254, 260, 274/276; Rua Alcindo Cacela n° 1858; Travessa Padre Eutiquio n° 225 e Avenida Castilhos França n° 278","Revestimento de fachada, assentados por compressão contra argamassa fresca.",14,14,-1.3598314,-48.4412983
Reduto,,CD 5-1-1,França,,"10,5 x 10,5 cm",Cerâmica e vidrado Transferência ou Impressão (Decalcomania),Rua Santo Antônio n° 220 e 224,"Revestimento de fachada, assentados por compressão contra argamassa fresca.",10.5,10.5,-1.3598314,-48.4412983
Reduto,,CD 5-1-2,França,,"10,5 x 10,5 cm",Cerâmica e vidrado Transferência ou Impressão (Decalcomania),"Rua Ó de Almeida n° 306; Rua Senador Manoel Barata n° 347/351 e 363; Avenida Serzedelo Correa n° 1074 e 1078; Rua Arcipreste Manoel Teodoro n° 594; Avenida 16 de Novembro n° 41, 421, 427 e 443; Rua 28 de setembro n° 136, 138/142","Revestimento de fachada, assentados por compressão contra argamassa fresca.",10.5,10.5,-1.4515412,-48.4973671
Reduto,,CD 6-1-1,França,,"10,4 x 10,4 cm",Cerâmica e vidrado Transferência ou Impressão (Decalcomania),"Travessa Félix Roque n° 260, 268 e 316; Rua Dr. Malcher n° 477; Travessa Rui Barbosa n° 1023; Avenida Portugal n° 57; Rua Marquês de Pombal n° 76/80; Rua Gaspar Viana n° 283/289; Rua 15 de Novembro n° 13; Avenida Castilhos França n° 648","Revestimento de fachada, assentados por compressão contra argamassa fresca.",10.4,10.4,-1.4563888,-48.5044036
Reduto,,CD 7-1-1,Dresden,Alemanha,"14,6 x 14,6 cm",Cerâmica e vidrado Transferência ou Impressão (Decalcomania),"Rua Ó de Almeida n° 1209, 1227, 1235 e 1245; Avenida Nazaré n° 154 e 166; Rua Mundurucus n° 619; Travessa Padre Eutiquio n° 1192, 1198, 1206 e 1214","Revestimento de fachada, assentados por compressão contra argamassa fresca.",14.6,14.6,-1.1386998,-48.448846
Reduto,,CD 8-1-1,Dresden,Alemanha,14 x 14 cm,Cerâmica e vidrado Transferência ou Impressão (Decalcomania),Rua Ó de Almeida n° 1116; Avenida Assis de Vasconcelos n° 831; Rua Tomázia Perdigão n° 240; Rua Gaspar Viana n° 152/154/158; Travessa Leão XIII n° 22/24/26,"Revestimento de fachada, assentados por compressão contra argamassa fresca.",14,14,-1.4515412,-48.4973671
Reduto,,CD 9-1-1,,,"12,3 x 12,3 cm",Cerâmica e vidrado Transferência ou Impressão (Decalcomania),Rua Santo Antônio n° 139/153/159; Travessa Leão XIII n° 55/79,"Revestimento de fachada, assentados por compressão contra argamassa fresca.",12.3,12.3,-1.3598314,-48.4412983
Reduto,,CD 10-1-1 (a e b),Provavelmente Alemanha,,"14,5 x 14,5 cm",Cerâmica e vidrado Transferência ou Impressão (Decalcomania),Demolido antes de 1986,"Revestimento de fachada, assentados por compressão contra argamassa fresca.",14.5,14.5,,
Reduto,,CD 10-1-2,Provavelmente Alemanha,,"14,5 x 14,5 cm",Cerâmica e vidrado Transferência ou Impressão (Decalcomania),Avenida Portugal n° 93,"Revestimento de fachada, assentados por compressão contra argamassa fresca.",14.5,14.5,-1.4549709,-48.5024242
Reduto,,CD 11-1-1,,,,Cerâmica e vidrado Transferência ou Impressão (Decalcomania),Rua dos Mundurucus n° 1387,"Revestimento de fachada, assentados por compressão contra argamassa fresca.",,,-1.4579893,-48.4766107
Campina,,CD 11-1-1,,,,Cerâmica e vidrado Transferência ou Impressão (Decalcomania),Rua dos Mundurucus n° 1387,"Revestimento de fachada, assentados por compressão contra argamassa fresca.",,,-1.4579893,-48.4766107
Reduto,,CD 12-1-1,,,,Cerâmica e vidrado Transferência ou Impressão (Decalcomania),Travessa Benjamin  Constant n° 1009,"Revestimento de fachada, assentados por compressão contra argamassa fresca.",,,-1.4479264,-48.4926168
Nazaré,,CD 12-1-1,,,,Cerâmica e vidrado Transferência ou Impressão (Decalcomania),Travessa Benjamin  Constant n° 1009,"Revestimento de fachada, assentados por compressão contra argamassa fresca.",,,-1.4479264,-48.4926168
BatistaCampos,,CD 12-1-1,,,,Cerâmica e vidrado Transferência ou Impressão (Decalcomania),Travessa Benjamin  Constant n° 1009,"Revestimento de fachada, assentados por compressão contra argamassa fresca.",,,-1.4479264,-48.4926168
SãoBrás,,CD 13-1-1,,,,Cerâmica e vidrado Transferência ou Impressão (Decalcomania),Demolido antes de 1986,"Revestimento de fachada, assentados por compressão contra argamassa fresca.",,,,
Umarizal,,CD 14-1-1,Alemanha,,14 x 14 cm,Cerâmica e vidrado Transferência ou Impressão (Decalcomania),"Travessa Dr. Moraes n° 85, 91, 107 e 115","Revestimento de fachada, assentados por compressão contra argamassa fresca.",14,14,-1.4650868,-48.4831113
Umarizal,,CD 15-1-1,França,,21 x 21 cm,Cerâmica e vidrado Transferência ou Impressão (Decalcomania),Demolido antes de 1986,"Revestimento de fachada, assentados por compressão contra argamassa fresca.",21,21,,
Umarizal,,CI  1-1-1 (a e b),,,"14,5 x 14,5 cm",Cerâmica e vidrado Transferência ou Impressão,Rua 28 de Setembro n° 70/752,"Revestimento de fachada, assentados por compressão contra argamassa fresca.",14.5,14.5,-1.450574,-48.4982834
Umarizal,,CI  2-1-1,,,"10,9 x 10,9 cm",Cerâmica e vidrado Transferência ou Impressão,Rua Inacio Gilhon n° 41; Avenida Generalíssimo Deodoro n° 1130,"Revestimento de fachada, assentados por compressão contra argamassa fresca.",10.9,10.9,,
Umarizal,,CI  3-1-1 (a e b),Portugal,,14 x 7 cm,Cerâmica e vidrado Transferência ou Impressão,Avenida Conselheiro Furtado n° 456,"Revestimento de fachada, assentados por compressão contra argamassa fresca.",14,7,-1.4631195,-48.4949718
Umarizal,,FD 6-1-1,Inglaterra,,"15,8 x 7,8 cm",Cerâmica e vidrado Transferência ou Impressão (Decalcomania),Rua dos 48 n° 34,"Revestimento de fachada, assentados por compressão contra argamassa fresca.",15.8,7.8,-1.4568441,-48.493543
Umarizal,,FD 7-1-1,Portugal,,"15,8 x 7,8 cm",Cerâmica e vidrado Transferência ou Impressão (Decalcomania),Travessa Gurupá n° 250,"Revestimento de fachada, assentados por compressão contra argamassa fresca.",15.8,7.8,-1.4596774,-48.5024191
Umarizal,,FD 7-1-2,Portugal,,"15,8 x 7,8 cm",Cerâmica e vidrado Transferência ou Impressão (Decalcomania),"Travessa Dom Pedro n° 704; Rua Santo Antônio n° 202, 206/208 e 210/216; Travessa Gurupá n° 250","Revestimento de fachada, assentados por compressão contra argamassa fresca.",15.8,7.8,,
,,FD 8-1-1,,,"15,2 x 7 cm",Cerâmica e vidrado Transferência ou Impressão (Decalcomania),Rua Ó de Almeida n° 648,"Revestimento de fachada, assentados por compressão contra argamassa fresca.",15.2,7,-1.4526256732307654,-48.49569724778043
,,FD 9-1-1,,,"14,8 x 7,4 cm ",Cerâmica e vidrado Transferência ou Impressão (Decalcomania),Travessa Padre Eutiquio n° 1367,"Revestimento de fachada, assentados por compressão contra argamassa fresca.",14.8,7.4,-1.4693734,-48.4791116
,,FD 10-1-1,Alemanha,,15 x 7 cm,Cerâmica e vidrado Transferência ou Impressão (Decalcomania),"Rua Alcindo Cacela n° 2074; Rua Bernardo Couto n° 785, 791 e 797; Rua Carlos Gomes n° 23, 29 e 37; Avenida Conselheiro Furtado n° 584; Rua Gaspar Viana n° 384; Avenida Nazaré n° 1319; Rua Ó de Almeida n° 760; Rua 15 de Novembro n° 15/25; Rua 28 de Setembro n° 982 e 1163","Revestimento de fachada, assentados por compressão contra argamassa fresca.",15,7,,
,,FD 11-1-1,Alemanha,,"15,2 x 7,6 cm",Cerâmica e vidrado Transferência ou Impressão (Decalcomania),Rua Ó de Almeida n° 252 e 879; Travessa Piedade n° 298/302/306; Rua Senador Manoel Barata n° 1186 e 1200; Rua 13 de Maio n° 162/168; Travessa Padre Eutiquio n° 252 esquina da Travessa 13 de Maio,"Revestimento de fachada, assentados por compressão contra argamassa fresca.",15.2,7.6,-1.4515412,-48.4973671
,,FD 12-1-1,,,"15,4 x 7,1 cm",Cerâmica e vidrado Transferência ou Impressão (Decalcomania),Travessa Dom Pedro n° 830 e 836; Avenida Alcindo Cacela n° 2080 e 2092,"Revestimento de fachada, assentados por compressão contra argamassa fresca.",15.4,7.1,,
,,FD 12-1-2,,,"15,3 x 7,5 cm",Cerâmica e vidrado Transferência ou Impressão (Decalcomania),Rua Pedro Prudêncio n° 556; Avenida José bonifácio n° 678; Rua dos Tamoios n° 1644,"Revestimento de fachada, assentados por compressão contra argamassa fresca.",15.3,7.5,,
,,FD 13-1-1,Provavelmente Alemanha,,"15 x 7,4 cm",Cerâmica e vidrado Transferência ou Impressão (Decalcomania),Travessa Campos Sales n° 553; Avenida José Malcher n° 754; Travessa Dr. Moraes n° 98; Travessa Honorio Santos n° 256,"Revestimento de fachada, assentados por compressão contra argamassa fresca.",15,7.4,-1.4543075,-48.4978101
,,FD 14-1-1,,,"15,4 x 7,1 cm",Cerâmica e vidrado Transferência ou Impressão (Decalcomania),Travessa da Piedade n° 341,"Revestimento de fachada, assentados por compressão contra argamassa fresca.",15.4,7.1,,
,,FD 14-1-2,,,"15,4 x 7 cm",Cerâmica e vidrado Transferência ou Impressão (Decalcomania),Avenida Alcindo Cacela n° 1866,"Revestimento de fachada, assentados por compressão contra argamassa fresca.",15.4,7,-1.440319,-48.4786833
,,FD 15-1-1,Provavelmente Alemanha,,"15,2 x 7,5 cm",Cerâmica e vidrado Transferência ou Impressão (Decalcomania),Travessa 13 de Março n° 1704; Rua Ó de Almeida n° 125; Rua Marquês de Pombal n° 118/122; Rua Tomázia Perdigão n° 188/190; Rua Dr. Assis n° 667; Travessa Padre Eutiquio n° 397/399; Rua 28 de Setembro n° 1155 e 1177,"Revestimento de fachada, assentados por compressão contra argamassa fresca.",15.2,7.5,,
,,FD 16-1-2,França,,"15,4 x 8,5 cm",Cerâmica e vidrado Transferência ou Impressão (Decalcomania),Avenida Generalíssimo Deodoro n° 254 e 260; Avenida Alcindo Cacela n° 2098 e 2110 e Avenida 16 de Novembro n° 112,"Revestimento de fachada, assentados por compressão contra argamassa fresca.",15.4,8.5,-1.4457864,-48.4828274
,,FD 17-1-1,,,15 x 7 cm,Cerâmica e vidrado Transferência ou Impressão (Decalcomania),Rua Tomázia Perdigão n° 248,"Revestimento de fachada, assentados por compressão contra argamassa fresca.",15,7,-1.4570552,-48.5028955
,,FD 20-1-1,,,"14,5 x 7,5 cm",Cerâmica e vidrado Transferência ou Impressão,Rua Arcipreste Manoel Teodoro n° 820; Rua Ó de Almeida n° 527; Rua Senador Manoel Barata n° 214/216; Rua Gaspar Viana n° 184/190,"Revestimento de fachada, assentados por compressão contra argamassa fresca.",14.5,7.5,-1.460526851376147,-48.49379657981651
,,FD 21-1-1,,,,Cerâmica e vidrado Transferência ou Impressão,Avenida Nazaré n° 210,"Revestimento de fachada, assentados por compressão contra argamassa fresca.",,,-1.4522372,-48.485104
,,FD 22-1-1,França,,"15,3 x 7,7 cm",Cerâmica e vidrado Transferência ou Impressão,Demolido,"Revestimento de fachada, assentados por compressão contra argamassa fresca.",15.3,7.7,,
,,CMR 1-1-1,Provavelmente Alemanha,,"14,5 x 14,5 cm","Cerâmica e vidrado 
Meio Relevo",Rua Marques de Pombal n° 84/90,"Revestimento de fachada, assentados por compressão contra argamassa fresca.",14.5,14.5,,
,,CMR 2-1-1,Alemanha,,"17,5 x 17,5 cm","Cerâmica e vidrado 
Meio Relevo","Rua Senador Manoel Barata 284/298; Rua Dr.Assis n° 586; Travessa Padre Eutiquio n° 298, 859 e 869","Revestimento de fachada, assentados por compressão contra argamassa fresca.",17.5,17.5,,
,,CMR 3-1-1,,,,"Cerâmica e vidrado 
Meio Relevo",Demolido antes de 1986,"Revestimento de fachada, assentados por compressão contra argamassa fresca.",,,,
,,CMR 4-1-1,,,,"Cerâmica e vidrado 
Meio Relevo",Demolido antes de 1986,"Revestimento de fachada, assentados por compressão contra argamassa fresca.",,,,
,,FMR 1-1-1,,,,"Cerâmica e vidrado 
Meio Relevo",Avenida Governador José Malcher n° 459,"Revestimento de fachada, assentados por compressão contra argamassa fresca.",,,-1.4512557,-48.4872807
,,FMR 2-1-1,,,"15,1 x 7,5 cm","Cerâmica e vidrado 
Meio Relevo",Avenida Senador Manoel Barata n° 1343,"Revestimento de fachada, assentados por compressão contra argamassa fresca.",15.1,7.5,,
,,FMR 3-1-1,,,,"Cerâmica e vidrado 
Meio Relevo",Travessa Quintino Bocaiúva n° 1455,"Revestimento de fachada, assentados por compressão contra argamassa fresca.",,,-0.7490741,-48.0223579
,,FMR 4-1-1,,,,"Cerâmica e vidrado 
Meio Relevo","Rua 15 de Novembro n° 280, esquina da Travessa Campos Sales","Revestimento de fachada, assentados por compressão contra argamassa fresca.",,,-1.1615771,-48.4688459
,,FMR 5-1-1,,,,"Cerâmica e vidrado 
Meio Relevo",Avenida Nazaré n° 744,"Revestimento de fachada, assentados por compressão contra argamassa fresca.",,,-1.4520714,-48.4791354
,,FMR 6-1-1 (a e b),,,,"Cerâmica e vidrado 
Meio Relevo",Demolido antes de 1986,"Revestimento de fachada, assentados por compressão contra argamassa fresca.",,,,
,,FMR 7-1-1,Sacavém,Portugal,"15,1 x 7,5 cm","Cerâmica e vidrado 
Meio Relevo",Avenida Gentil Bittencourt n° 1537,"Revestimento de fachada, assentados por compressão contra argamassa fresca.",15.1,7.5,-1.4546616,-48.4608888
,,FMR 8-1-1,,,,"Cerâmica e vidrado 
Meio Relevo",Mercado de Carne (Rua 15 de Novembro),"Revestimento de fachada, assentados por compressão contra argamassa fresca.",,,,
,,FMR 9-1-1,,,"15 x 7,5 cm ","Cerâmica e vidrado 
Meio Relevo",Demolido,"Revestimento de fachada, assentados por compressão contra argamassa fresca.",15,7.5,,
,,FMR 10-1-1,,,"15 x 7,5 cm ","Cerâmica e vidrado 
Meio Relevo",Demolido,"Revestimento de fachada, assentados por compressão contra argamassa fresca.",15,7.5,,
,,CR 2-1-1,Porto,Portugal,"11,5 x 13,5 cm","Cerâmica e vidrado 
Relevo",Avenida Generalíssimo Deodoro n° 1410,"Revestimento de fachada, assentados por compressão contra argamassa fresca.",11.5,13.5,-1.4457864,-48.4828274
,,FR 1-1-1,Portugal,,,"Cerâmica e vidrado 
Relevo",Rua 15 de Novembro n° 319,"Revestimento de fachada, assentados por compressão contra argamassa fresca.",,,-1.1615771,-48.4688459
,,FR 3-1-1,Porto,Portugal,,"Cerâmica e vidrado 
Relevo",Demolido antes de 1986,"Revestimento de fachada, assentados por compressão contra argamassa fresca.",,,,
,,FR 4-1-1,Porto,Portugal,,"Cerâmica e vidrado 
Relevo",Rua 15 de Novembro n° 319,"Revestimento de fachada, assentados por compressão contra argamassa fresca.",,,-1.1615771,-48.4688459
,,FR 5-1-1,Porto,Portugal,"14 x 7,6 cm","Cerâmica e vidrado 
Relevo",Travessa Frutuoso Guimarães n° 611,"Revestimento de fachada, assentados por compressão contra argamassa fresca.",14,7.6,-1.4510368,-48.5010789
,,FR 6-1-1,,,15 x 5 cm,"Cerâmica e vidrado 
Relevo",Demolido,"Revestimento de fachada, assentados por compressão contra argamassa fresca.",15,5,,
